{
    "width": 1920,
    "height": 1080,
    "fx": 743.1905517578125,
    "fy": 743.1905517578125,
    "cx": 995.4571533203125,
    "cy": 567.9909057617188
}